Word,Count
rt,332
biden,236
border,200
amp,197
family,137
more,129
have,105
thank,102
today,91
work,83
support,83
time,82
american,76
make,73
house,71
year,71
energy,68
act,68
bill,67
great,65
join,65
president,64
day,62
crisis,60
southern,57
community,56
nation,55
new,53
congress,51
americans,50
proud,49
mandate,48
administration,48
honor,48
now,46
need,45
service,44
do,42
country,42
business,41
military,41
end,41
america,40
thanksgiving,38
help,38
people,37
high,37
get,36
state,36
continue,36
national,36
vaccine,36
good,35
visit,35
see,34
serve,34
policy,34
here,34
illegal,34
important,34
inflation,34
member,34
home,33
joe,33
legislation,33
security,32
small,32
veteran,31
big,31
life,31
go,31
secure,30
federal,30
last,30
take,30
discuss,29
right,28
free,28
just,28
record,27
pass,27
child,26
win,26
republicans,25
hold,25
covid,25
democrats,25
know,25
law,25
happy,24
christmas,23
speech,23
protect,23
keep,23
government,23
be,23
economy,23
provide,23
fentanyl,22
office,22
student,22
county,22
introduce,21
month,21
say,21
colleague,21
lose,21
freedom,21
use,21
deserve,21
jackie,20
vote,20
week,20
first,20
learn,20
meet,19
call,19
give,19
spending,19
fight,19
woman,19
attack,19
spend,19
power,18
washington,18
congratulation,18
hear,18
cost,18
congressional,18
man,18
stop,17
care,17
so,17
come,17
oil,17
accountable,17
tech,17
next,17
thing,17
force,16
job,16
holiday,16
plan,16
school,16
price,16
deal,16
admin,15
issue,15
access,15
friend,15
watch,15
trump,15
walorski,15
bipartisan,15
china,15
ukraine,15
impact,15
twitter,15
open,14
bless,14
want,14
only,14
election,14
never,14
forward,14
morning,14
enjoy,14
staff,14
tree,13
put,13
lead,13
central,13
look,13
company,13
effort,13
many,13
agency,13
ensure,13
one,13
grateful,13
way,12
gop,12
priority,12
ndaa,12
pay,12
tune,12
letter,12
ccp,12
world,12
irs,12
majority,12
speaker,12
carol,12
increase,12
west,12
campus,12
safe,12
well,12
brave,12
opportunity,12
health,12
back,12
committee,12
project,12
hope,11
patrol,11
agent,11
pray,11
live,11
update,11
production,11
title,11
then,11
republican,11
even,11
program,11
resource,11
strong,11
economic,11
bad,11
sec,11
drug,11
sign,11
always,11
tennessee,11
celebrate,10
speak,10
other,10
risk,10
oversight,10
create,10
ohio,10
love,10
transparency,10
threat,10
remember,10
hero,10
esg,10
funding,10
team,10
happen,10
hunter,10
think,10
leadership,10
ban,10
check,10
still,10
face,10
ever,9
space,9
host,9
news,9
mccarthy,9
sacrifice,9
app,9
address,9
encounter,9
history,9
earmark,9
wish,9
change,9
oak,9
commitment,9
tomorrow,9
god,9
chair,9
read,9
political,9
deliver,9
congressman,9
audit,9
represent,9
united,9
war,9
far,9
fail,9
local,9
restore,9
farm,9
officer,9
statement,9
education,8
dc,8
start,8
usa,8
district,8
include,8
cartel,8
also,8
east,8
chinese,8
store,8
servicemember,8
urge,8
improve,8
safety,8
gas,8
public,8
recognize,8
recovery,8
hard,8
result,8
roundtable,8
rule,8
attend,8
north,8
ridge,8
same,8
most,8
money,8
enforcement,8
veterans,8
tribal,8
event,8
co,7
follow,7
el,7
fund,7
accountability,7
fuel,7
white,7
instead,7
gotaway,7
drive,7
florida,7
hour,7
democrat,7
communist,7
virginia,7
y,7
commit,7
farmer,7
va,7
find,7
medium,7
operation,7
meeting,7
miss,7
states,7
natural,7
night,7
cut,7
party,7
passing,7
place,7
shop,7
share,7
total,7
below,7
together,7
ask,7
reflect,7
refuse,7
second,7
religious,7
tiktok,7
season,7
assistance,7
award,7
thousand,7
miner,7
rural,7
list,7
sure,7
career,7
talk,7
left,7
story,7
let,7
produce,6
full,6
championship,6
send,6
benefit,6
thankful,6
glad,6
allow,6
december,6
set,6
luck,6
police,6
physician,6
long,6
city,6
senate,6
secret,6
real,6
forget,6
really,6
receive,6
recruitment,6
up,6
firearm,6
remain,6
leader,6
deadly,6
de,6
weekend,6
kid,6
ago,6
tax,6
carolina,6
heritage,6
utpol,6
annual,6
coach,6
vax,6
again,6
destroy,6
additional,6
answer,6
moore,6
vital,6
department,6
stand,6
yesterday,6
immigrant,6
early,6
south,6
memorial,6
parent,6
terrorist,6
osu,6
opioid,6
capitol,6
close,6
step,5
stay,5
era,5
teacher,5
evidence,5
taxpayer,5
s,5
saudi,5
document,5
wv,5
senior,5
test,5
defend,5
dems,5
dedication,5
fact,5
special,5
email,5
secretary,5
standard,5
drill,5
debt,5
senator,5
dole,5
social,5
shot,5
kill,5
run,5
icymi,5
hide,5
november,5
historic,5
no,5
newsletter,5
truth,5
hospital,5
mta,5
move,5
huge,5
human,5
u,5
retention,5
industry,5
information,5
investment,5
marine,5
uniform,5
involve,5
iowa,5
legislative,5
us,5
late,5
key,5
number,5
oklahoma,5
outage,5
owner,5
responsible,5
fbi,5
fema,5
research,5
relief,5
food,5
rate,5
r,5
question,5
push,5
protection,5
gaetz,5
tonight,5
prayer,5
too,5
gold,5
post,5
town,5
grant,5
pleased,5
peter,5
pennsylvania,5
part,5
future,5
a,5
customer,5
cancer,5
college,5
bomber,5
complete,5
crossing,5
become,5
conference,5
bama,5
away,5
aviation,5
atf,5
as,5
control,5
arabia,5
corporate,5
agenda,5
court,5
all,5
climate,5
air,5
chip,5
challenge,5
charge,5
current,5
cbp,5
review,4
linkedin,4
arizona,4
army,4
facility,4
astronaut,4
kentucky,4
constitution,4
constituent,4
rise,4
censor,4
meal,4
leverage,4
consider,4
conservative,4
few,4
finish,4
repeal,4
flag,4
remove,4
reminder,4
louisiana,4
release,4
region,4
retirement,4
solution,4
formula,4
southwest,4
drop,4
texas,4
e,4
almost,4
laptop,4
tell,4
countless,4
cosponsor,4
amendment,4
t,4
ceo,4
suppress,4
supply,4
straight,4
less,4
amount,4
anderson,4
conversation,4
anti,4
stamp,4
stablecoin,4
equipment,4
apple,4
forever,4
reckless,4
barr,4
implement,4
bring,4
brinton,4
obama,4
nuclear,4
brycen,4
humanitarian,4
nevada,4
id,4
nc,4
ignore,4
immigration,4
musk,4
own,4
much,4
individual,4
moorecounty,4
christian,4
miners,4
infrastructure,4
matt,4
migrant,4
middle,4
message,4
medical,4
owe,4
park,4
interest,4
generation,4
recent,4
reauthorization,4
ready,4
low,4
rather,4
quickly,4
catastrophe,4
ga,4
begin,4
tn,4
ben,4
propose,4
maternal,4
carthage,4
problem,4
prioritize,4
prevent,4
map,4
biofuel,4
politic,4
point,4
grower,4
hearing,4
heart,4
believe,4
foreign,4
champion,4
wilson,4
dedicate,4
dollar,4
afford,4
vice,4
creative,4
worker,4
tragedy,4
yet,4
very,4
currently,4
wisconsin,4
able,4
disaster,4
ag,4
affect,4
demand,4
discussion,4
death,4
defense,4
advocate,4
dangerous,4
crime,4
develop,4
twitterfile,4
track,4
valley,4
playoff,3
combat,3
growth,3
crush,3
grow,3
platform,3
waukesha,3
action,3
account,3
blake,3
permit,3
pleasure,3
black,3
over,3
hall,3
harass,3
committed,3
warn,3
walk,3
hardworke,3
pentagon,3
del,3
pelosi,3
bob,3
payment,3
commission,3
head,3
patient,3
paul,3
heartbreaking,3
board,3
paycheck,3
bidenflation,3
port,3
victory,3
condition,3
quo,3
condolence,3
fully,3
rail,3
bayou,3
reason,3
venmo,3
base,3
criminal,3
reduce,3
former,3
valid,3
regard,3
regime,3
focus,3
flow,3
devastating,3
rename,3
beautiful,3
pumpkin,3
gratitude,3
gallagher,3
pose,3
potus,3
pound,3
break,3
governor,3
prensa,3
press,3
volume,3
volleyball,3
product,3
comunicado,3
beth,3
gift,3
georgia,3
cross,3
violence,3
beginning,3
provider,3
violate,3
oppose,3
wednesday,3
breaking,3
insult,3
datum,3
january,3
jane,3
james,3
major,3
dave,3
manage,3
york,3
market,3
marriage,3
invite,3
deaconess,3
investigate,3
mayorkas,3
carl,3
mceachin,3
deadline,3
mean,3
interested,3
young,3
cause,3
judge,3
kit,3
cybermonday,3
cfp,3
lake,3
legacy,3
lack,3
la,3
dakota,3
liberty,3
light,3
lorie,3
line,3
damage,3
liquidity,3
listen,3
loan,3
kansas,3
darling,3
justice,3
integrity,3
wwii,3
brief,3
met,3
idaho,3
wi,3
clean,3
nearly,3
necessary,3
hurt,3
clear,3
hundred,3
deep,3
non,3
northampton,3
housing,3
hours,3
firsthand,3
ct,3
obtain,3
coast,3
official,3
bright,3
ii,3
navy,3
illinois,3
california,3
miami,3
dear,3
write,3
workforce,3
mobile,3
monitor,3
absolutely,3
word,3
independence,3
navajo,3
incredible,3
citizen,3
in,3
wonderful,3
abuse,3
nasa,3
immunity,3
immediately,3
renew,3
doormat,3
prevention,3
travel,3
stream,3
scotus,3
science,3
experience,3
associate,3
style,3
expire,3
scandal,3
emergency,3
supreme,3
surely,3
association,3
saving,3
sam,3
transaction,3
earth,3
sadden,3
authoritarian,3
available,3
target,3
amazing,3
dog,3
ron,3
role,3
already,3
rodeo,3
directly,3
una,3
robert,3
term,3
article,3
executive,3
corps,3
tribe,3
disease,3
solve,3
spirit,3
sponsor,3
tsmc,3
try,3
antitrust,3
et,3
star,3
enter,3
sobre,3
smith,3
tv,3
disclose,3
skyrocket,3
skin,3
sit,3
single,3
side,3
enough,3
announce,3
show,3
status,3
afghanistan,3
copy,3
steal,3
troop,3
amnesty,3
tricare,3
fast,3
elect,3
union,3
ally,3
digital,3
unveil,3
duty,3
don,3
theft,3
felony,3
difficult,3
respect,3
resolution,3
resident,3
request,3
agricultural,3
representatives,3
tirelessly,3
representative,3
reporting,3
advance,3
fire,3
top,3
reporter,3
report,3
trafficking,3
tuesday,3
terror,3
favor,3
earn,3
ride,3
texans,2
by,2
tennis,2
along,2
ceremony,2
ùêÇovid,2
nas,2
m√°s,2
angela,2
lot,2
multiple,2
aisle,2
center,2
true,2
msg,2
troy,2
level,2
mourn,2
motorcycle,2
mother,2
loss,2
ca,2
stealth,2
caldwell,2
ùêÇorrupt,2
tie,2
machv,2
certainly,2
tovah,2
bureau,2
nelson,2
laura,2
nehls,2
speedy,2
nebraskans,2
nebraska,2
spicer,2
ne,2
aberdeen,2
catfish,2
topic,2
mac,2
ncaaf,2
lie,2
willing,2
ùêépen,2
chain,2
standfest,2
terrible,2
truly,2
caucus,2
buy,2
winner,2
nathan,2
leave,2
aid,2
thumb,2
campaign,2
los,2
monday,2
wx,2
youth,2
allowance,2
medicaid,2
swalwell,2
system,2
media,2
th,2
meaningful,2
lobbyist,2
table,2
trafficker,2
tragically,2
building,2
cc,2
maybe,2
talkers,2
matter,2
teach,2
tampa,2
tank,2
abide,2
marines,2
maritime,2
masquerade,2
maryanna,2
marshburn,2
medicare,2
medicine,2
capable,2
thomas,2
threaten,2
missouri,2
limited,2
mission,2
telephone,2
minute,2
strategic,2
linda,2
worried,2
alzheimer,2
lsu,2
manhattan,2
milk,2
capability,2
alert,2
manufacturing,2
successful,2
suit,2
carta,2
mexico,2
mexican,2
literally,2
tremendous,2
ùêÄfghanistan,2
cap,2
little,2
strengthen,2
replica,2
newsmax,2
saline,2
better,2
robust,2
progress,2
promotion,2
activism,2
prosperity,2
actor,2
understanding,2
behavioral,2
prove,2
pueblo,2
rico,2
puerto,2
view,2
rhetoric,2
rfma,2
university,2
process,2
visiting,2
probe,2
round,2
athena,2
positive,2
vulnerable,2
ruling,2
practice,2
rsc,2
bidenbordercrisis,2
presence,2
pro,2
preserve,2
presidential,2
room,2
agriculture,2
voice,2
bias,2
pritzker,2
que,2
return,2
ayushmaan,2
representante,2
require,2
refill,2
launch,2
baptist,2
refusal,2
regardless,2
adequate,2
rehire,2
bar,2
relationship,2
baker,2
utah,2
usmnt,2
admission,2
renewable,2
renounce,2
baby,2
upcoming,2
bcs,2
bbb,2
az,2
radical,2
raider,2
respectfully,2
raise,2
rampant,2
rape,2
actu,2
barrel,2
add,2
re,2
react,2
resources,2
venezuela,2
recession,2
valvular,2
ukrainian,2
salud,2
apprehend,2
poison,2
admit,2
weather,2
old,2
organization,2
out,2
botched,2
outdoor,2
outstanding,2
overspending,2
weak,2
owens,2
bor,2
sheboygan,2
p,2
package,2
palestinian,2
parade,2
approve,2
oath,2
broadband,2
normal,2
sos,2
nick,2
wheeling,2
nih,2
soon,2
nomination,2
nominee,2
wh,2
o,2
soldier,2
notification,2
solar,2
notify,2
apprenticeship,2
nps,2
ny,2
parish,2
arkansas,2
shannon,2
pipeline,2
pesticide,2
pharmacy,2
photo,2
blessed,2
piece,2
pilot,2
pines,2
blank,2
personal,2
scale,2
saunooke,2
sandoval,2
plaza,2
samuel,2
pm,2
w,2
personnel,2
scc,2
armed,2
serious,2
partisan,2
partner,2
partnership,2
services,2
path,2
arpx,2
patriotic,2
artemis,2
perform,2
self,2
asinine,2
assault,2
sea,2
pensacola,2
peoria,2
scheme,2
october,2
ùêîsurping,2
concerned,2
civicswithscott,2
example,2
direct,2
church,2
director,2
game,2
gary,2
independent,2
discharge,2
churchill,2
concern,2
incoming,2
claim,2
fossil,2
general,2
everlaste,2
creek,2
doc,2
everglades,2
global,2
class,2
contribution,2
ideological,2
evade,2
ian,2
concert,2
furious,2
diminish,2
info,2
irresponsible,2
iran,2
fraud,2
investor,2
invest,2
internet,2
intern,2
deserv,2
critical,2
interference,2
design,2
interdict,2
designate,2
designation,2
intend,2
friday,2
dial,2
ftx,2
injury,2
conf,2
diesel,2
conduct,2
infowars,2
domestic,2
ev,2
donald,2
edition,2
code,2
guilt,2
cognitive,2
hole,2
elenis,2
hoke,2
h,2
engage,2
hit,2
enforce,2
eliminate,2
hand,2
elon,2
common,2
corrosive,2
heroism,2
herbicide,2
enable,2
emmi,2
employee,2
healthcare,2
commerce,2
heat,2
effect,2
homegrown,2
donaldtrump,2
courage,2
hurricane,2
completely,2
gonz√°lez,2
establishment,2
establish,2
governance,2
especially,2
compete,2
drew,2
drone,2
drought,2
gray,2
closely,2
clothing,2
episode,2
epidemic,2
hoosiers,2
duopoly,2
honeoye,2
group,2
easily,2
homelessness,2
easy,2
francis,2
heating,2
land,2
decision,2
davis,2
flight,2
kansans,2
faulkner,2
floor,2
fertilizer,2
charleston,2
folk,2
definitely,2
cheer,2
charter,2
curb,2
deceive,2
consequence,2
failure,2
john,2
farmers,2
kudlow,2
decade,2
deeply,2
files,2
jenniffer,2
fill,2
cuban,2
chattanooga,2
deepening,2
debacle,2
content,2
faith,2
forum,2
dan,2
kind,2
chance,2
favorite,2
damon,2
democracy,2
kingdom,2
fa,2
las,2
congreso,2
island,2
fda,2
connolly,2
football,2
fleet,2
fix,2
fed,2
kanye,2
cruel,2
fallon,1
spellerberg,1
appeal,1
apparently,1
son,1
environment,1
fame,1
constitutional,1
espionage,1
spouse,1
springfield,1
consumer,1
falls,1
est,1
solidify,1
escape,1
root,1
equal,1
soul,1
erode,1
sovereignty,1
soviet,1
apprec,1
spacex,1
fam,1
spam,1
span,1
applications,1
appear,1
roslansky,1
rose,1
convention,1
conversando,1
spearhead,1
soperton,1
applaud,1
appreciation,1
exploit,1
rocker,1
spur,1
storm,1
ridiculous,1
corporal,1
steiner,1
faulty,1
stennis,1
analytically,1
rid,1
stevi,1
stewardship,1
analytical,1
analysis,1
endure,1
endemic,1
square,1
str,1
encrypt,1
strand,1
emulate,1
rich,1
strength,1
ribbon,1
stride,1
strings,1
consistently,1
ammunition,1
struggle,1
avert,1
righteously,1
fatf,1
average,1
environman,1
roe,1
apparent,1
staffer,1
stage,1
faris,1
staggering,1
stakeholder,1
sofia,1
stall,1
entry,1
appalling,1
entrust,1
entrepreneur,1
fashion,1
road,1
entity,1
anticipate,1
entire,1
enjoyable,1
cope,1
statesville,1
station,1
statistic,1
engineers,1
soft,1
audience,1
sock,1
contemplate,1
secondary,1
assailant,1
exhibition,1
aside,1
exeter,1
arts,1
seize,1
exercise,1
selfless,1
sell,1
seller,1
selling,1
salute,1
exist,1
exemption,1
exemplify,1
failed,1
art,1
arsenal,1
salisbury,1
sense,1
senseless,1
series,1
excuse,1
sale,1
saint,1
assassinate,1
sebastian,1
excited,1
scold,1
expression,1
scare,1
scared,1
explain,1
eye,1
expert,1
schneider,1
experimental,1
schoolchoice,1
schooler,1
expect,1
scientific,1
scope,1
asset,1
score,1
save,1
scorecard,1
astounding,1
saraland,1
expansion,1
se,1
continually,1
sand,1
expand,1
seafood,1
factor,1
servant,1
around,1
society,1
evening,1
signal,1
significantly,1
silence,1
simple,1
aubrey,1
simply,1
simultaneously,1
ryan,1
sister,1
contribute,1
skill,1
ruston,1
slap,1
sicken,1
export,1
smugg,1
runoff,1
faithful,1
smuggling,1
european,1
fall,1
eu,1
estuve,1
authority,1
socialflightlive,1
authorize,1
argue,1
shutdown,1
excellent,1
continued,1
sailor,1
excellence,1
sexual,1
shame,1
amite,1
shameful,1
at,1
fair,1
evolve,1
fairness,1
shape,1
evil,1
sad,1
shrine,1
shine,1
shock,1
shocking,1
shoot,1
everywhere,1
sacred,1
shore,1
shortly,1
argument,1
sab,1
everyday,1
shower,1
laugh,1
tao,1
studio,1
vernon,1
video,1
desantis,1
victoria,1
describe,1
vibrant,1
vez,1
verdict,1
vigilant,1
addition,1
variety,1
desk,1
value,1
valuable,1
detailed,1
dereliction,1
deportation,1
delighted,1
demon,1
wait,1
wade,1
dem,1
voting,1
active,1
crucial,1
vitally,1
deplete,1
actively,1
visitor,1
demonstrate,1
denial,1
depend,1
violent,1
determination,1
additionally,1
vacate,1
undoubtedly,1
aemflyin,1
uniquely,1
unique,1
aerospace,1
unfortunately,1
unemployment,1
undetecte,1
devastate,1
dinner,1
underserved,1
underscore,1
uncover,1
unconstitutional,1
unchecke,1
dignity,1
unsheltered,1
unthinkable,1
unvaccinated,1
digestibility,1
unwavere,1
die,1
advisory,1
uphold,1
dictator,1
diagnostic,1
admiral,1
di,1
device,1
ute,1
utility,1
adherence,1
wake,1
delete,1
employ,1
absolute,1
dearly,1
wright,1
wray,1
worthy,1
worth,1
worry,1
debate,1
wrongfully,1
curate,1
culture,1
wonder,1
women,1
absurd,1
woke,1
wrong,1
absent,1
acre,1
yom,1
ùêìax,1
cybersecurity,1
ùêço,1
dade,1
dam,1
date,1
dawgs,1
deafen,1
custody,1
curious,1
yankton,1
yakima,1
abolish,1
xl,1
wmmn,1
withdrawal,1
withdraw,1
wealthy,1
accordance,1
website,1
defendfreedom,1
weary,1
wear,1
weapon,1
deficit,1
deception,1
define,1
accountabilit,1
accounting,1
wartime,1
defund,1
acknowledge,1
accord,1
weekly,1
welcome,1
accomplishment,1
accept,1
accelerate,1
decline,1
wide,1
will,1
declaration,1
willitts,1
academy,1
wing,1
decimate,1
winter,1
decide,1
wise,1
unacceptable,1
disappoint,1
ukra,1
technology,1
earning,1
terrifying,1
terminate,1
eco,1
econ,1
coup,1
ed,1
cover,1
alumnus,1
educate,1
ambush,1
taste,1
task,1
effectively,1
earner,1
texan,1
disastrous,1
thehillsupplychain,1
third,1
coverup,1
algorithm,1
there,1
alien,1
theme,1
dry,1
coverage,1
aliens,1
thanking,1
dubey,1
due,1
duke,1
text,1
revolution,1
count,1
either,1
success,1
amicus,1
suppor,1
emails,1
sum,1
emmanuel,1
suffer,1
succeed,1
council,1
subway,1
subsidy,1
subpoena,1
submit,1
subject,1
subcommittee,1
supportsmallbiz,1
else,1
americas,1
eloquently,1
surrender,1
suspect,1
swainsboro,1
swamp,1
sylvania,1
synthetic,1
elite,1
systemic,1
elevate,1
taint,1
tak,1
talent,1
amend,1
thoracic,1
alarming,1
alamo,1
tribute,1
disrespect,1
distraction,1
crenshaw,1
trip,1
trillion,1
dji,1
doctrine,1
tragic,1
creator,1
treasure,1
dod,1
agents,1
dodge,1
train,1
disregard,1
truman,1
afternoon,1
afloat,1
dismiss,1
disgusted,1
disdain,1
tumultuous,1
afl,1
turn,1
turpin,1
discus,1
tweet,1
discipline,1
twitterfiles,1
twp,1
tx,1
doe,1
doj,1
thrill,1
tipton,1
aif,1
down,1
aim,1
draft,1
tireless,1
tired,1
cream,1
domain,1
drilling,1
tick,1
thy,1
thursday,1
crea,1
throw,1
doughty,1
toll,1
tom,1
tommye,1
ai,1
ahead,1
agudath,1
tool,1
doug,1
double,1
dorsey,1
touch,1
tout,1
donna,1
tower,1
tracking,1
trade,1
rewrite,1
flood,1
fear,1
narrowly,1
clarity,1
buying,1
immoral,1
nashville,1
clair,1
implementation,1
name,1
nationalminersday,1
impo,1
muskingum,1
import,1
murphy,1
impossible,1
mtg,1
nationalcatfishday,1
nationalsockday,1
neighborhood,1
idea,1
bulldogs,1
necessity,1
hydrogen,1
hydropower,1
ia,1
ice,1
ncfarmbureau,1
native,1
ignorance,1
nazi,1
imagine,1
naturalgas,1
bury,1
nato,1
imprint,1
movement,1
c,1
inflict,1
mob,1
misuse,1
misunderstand,1
missourians,1
inflationary,1
mississippi,1
cancel,1
income,1
misguided,1
minor,1
minnesota,1
mining,1
mineral,1
injure,1
christmastime,1
moderate,1
moderation,1
moment,1
inexcusable,1
mone,1
industrial,1
camera,1
monument,1
cambridge,1
indomitable,1
morale,1
indian,1
indeed,1
motion,1
motivate,1
mount,1
husock,1
netherlands,1
millions,1
obvious,1
brink,1
honorary,1
offer,1
occur,1
occasion,1
obviously,1
coal,1
often,1
observe,1
obligation,1
hopeful,1
hopefully,1
horrible,1
nurse,1
officially,1
homogenization,1
neutrality,1
opening,1
opposition,1
brain,1
bravely,1
operational,1
bravery,1
operate,1
op,1
homepage,1
onthisday,1
homeland,1
online,1
homeless,1
oncology,1
brigadier,1
broken,1
nuevo,1
nueva,1
cutting,1
click,1
buckeye,1
nicole,1
humble,1
nicholas,1
ngos,1
hunterbiden,1
clock,1
buddy,1
build,1
builders,1
nevertheless,1
hunterbidenlaptop,1
hurl,1
buck,1
hud,1
huawei,1
http,1
nonprofit,1
nonsense,1
htt,1
hr,1
hoy,1
northern,1
northwest,1
note,1
howard,1
clinically,1
browser,1
brother,1
hourly,1
milo,1
million,1
organize,1
keystone,1
celebration,1
lobster,1
kayla,1
lng,1
chari,1
kevin,1
listing,1
logistical,1
chaos,1
censorship,1
kimchi,1
lin,1
kinzinger,1
like,1
location,1
lol,1
macron,1
lowcountry,1
jeffrey,1
ma,1
lunch,1
jeopar,1
lower,1
lowcountryfirst,1
jerry,1
kabul,1
jfk,1
lourde,1
louis,1
jobs,1
charterchamp,1
lord,1
kippur,1
lift,1
lifelong,1
language,1
lady,1
lease,1
landmark,1
leak,1
leah,1
league,1
chairman,1
cent,1
large,1
lawrence,1
lawless,1
larry,1
lauren,1
chamber,1
lactose,1
legal,1
legally,1
legend,1
laboratory,1
legislativa,1
lab,1
leighton,1
lengthy,1
centerpiece,1
ks,1
knowin,1
championships,1
levin,1
liberal,1
klain,1
kistler,1
jan,1
made,1
miller,1
intent,1
intel,1
memb,1
capital,1
meeks,1
careful,1
intensifying,1
intentional,1
memory,1
medic,1
medal,1
meanwhile,1
international,1
md,1
intolerant,1
integral,1
mention,1
madness,1
inspiration,1
millen,1
cannon,1
mile,1
mike,1
innocent,1
innovation,1
mfg,1
mentor,1
instal,1
instale,1
metter,1
instate,1
chris,1
merry,1
choose,1
invased,1
mayor,1
jab,1
chemistry,1
manufactur,1
manner,1
manipulate,1
item,1
mangham,1
manchin,1
maximize,1
manager,1
jack,1
carve,1
malliotakis,1
castigate,1
jade,1
israel,1
marche,1
marianette,1
carroll,1
isaac,1
chew,1
mark,1
irrigation,1
marketplace,1
mary,1
chi,1
maryland,1
chief,1
massive,1
material,1
investigative,1
investigation,1
option,1
ornament,1
reverse,1
raja,1
frontline,1
ranking,1
range,1
rancher,1
frustrating,1
ramification,1
railway,1
front,1
railroad,1
fulfill,1
radio,1
racist,1
fun,1
quote,1
rarely,1
frogs,1
recently,1
basics,1
congr,1
recap,1
freespeech,1
fremont,1
basic,1
reality,1
reaffirm,1
raw,1
fresh,1
readiness,1
freshman,1
friedman,1
rcp,1
rayburn,1
fundamental,1
funnel,1
beach,1
proof,1
protest,1
protections,1
gem,1
gentlelady,1
geography,1
properly,1
con,1
quality,1
promote,1
promise,1
berry,1
getyourstorystraight,1
bet,1
profound,1
protester,1
gaslighting,1
prouder,1
proudly,1
gaslight,1
provision,1
proxy,1
psa,1
publicly,1
gamble,1
puma,1
pump,1
g,1
purge,1
further,1
putin,1
qualified,1
congratulate,1
reception,1
girl,1
bacon,1
reputable,1
backbone,1
backlog,1
final,1
finally,1
financial,1
consent,1
requirement,1
conscience,1
firm,1
firsthealth,1
repay,1
rep,1
reopen,1
required,1
rescue,1
fraudster,1
feliciana,1
feast,1
feature,1
retire,1
avoid,1
retailer,1
consistent,1
responsibility,1
reserve,1
fellow,1
female,1
b,1
fervently,1
resilient,1
fidelity,1
fiscal,1
fishing,1
flexibility,1
red,1
congresswoman,1
congressiona,1
footage,1
bank,1
congressgoespurple,1
reduction,1
congratulations,1
laughter,1
recruiting,1
recreational,1
recover,1
recommend,1
barron,1
reclaim,1
regiment,1
register,1
regrettably,1
regulate,1
regulator,1
fly,1
rehoboth,1
reinforce,1
reinstate,1
reject,1
rejoice,1
floyd,1
connect,1
religion,1
baloney,1
relocate,1
ball,1
profit,1
computerscienceeducationweek,1
orthodox,1
heartbroken,1
hat,1
payer,1
commercial,1
blockthetok,1
pause,1
patriotism,1
pat,1
peer,1
pasteurization,1
past,1
passport,1
height,1
passage,1
bobby,1
peddle,1
harvest,1
guy,1
performing,1
blessing,1
hader,1
half,1
person,1
persist,1
period,1
percent,1
pende,1
per,1
commitmenttoamerica,1
blind,1
harm,1
harris,1
bliss,1
bollettieri,1
heinous,1
hell,1
hobson,1
overturn,1
collaboration,1
borders,1
overreache,1
overdose,1
overcrowded,1
outreach,1
helm,1
coincidence,1
ourcounty,1
ouachita,1
bowl,1
boy,1
ossoff,1
overwhelmed,1
overwhelmingly,1
collapse,1
historian,1
hillman,1
hill,1
collude,1
hhs,1
page,1
paint,1
collusion,1
bonus,1
parental,1
colonization,1
parker,1
commander,1
participation,1
petroleum,1
phenomenal,1
glimmer,1
graduates,1
competency,1
present,1
gov,1
pres,1
prepare,1
pregnant,1
praise,1
gorka,1
graduation,1
bind,1
grand,1
granddaughter,1
compare,1
possibly,1
bidding,1
competition,1
philosophy,1
private,1
processing,1
gmail,1
computer,1
goal,1
privileged,1
privilege,1
comprise,1
pressure,1
godawgs,1
gofrogs,1
biased,1
preview,1
preventable,1
pretty,1
possible,1
grassley,1
position,1
gsib,1
player,1
play,1
grove,1
plaque,1
plant,1
planning,1
blanketing,1
communism,1
gt,1
guard,1
gum,1
picture,1
gun,1
gunrunning,1
ground,1
please,1
grinch,1
griffith,1
plus,1
greene,1
pnw,1
pocket,1
greek,1
greatness,1
blacksburg,1
greatly,1
policymaking,1
commun,1
bipartisanship,1
poll,1
portal,1
bud,1
